name,notes,status,weekly_downloads_num,rename
at,,,108820,
before,,,10780,
camelCase,- Renamed to `camel`.,yes,13160000,camel
capitalize,,100,1530000,
castArray,"- If the given value is an array, the array is shallow copied.
- We also have `castArrayIfExists` which is similar but null/undefined are returned as is.",yes,1320000,
chunk,,,545550,
clamp,,,117040,
clone,- Unsure about the differences as of now. [Help wanted](https://github.com/radashi-org/radashi/issues/113).,yes,872070,
cloneDeep,- Ours accepts a custom strategy (similar to `cloneDeepWith`).,yes,10690000,
cloneDeepWith,,,106830,
compact,,,259400,
cond,,,124420,
countBy,,,20240,
create,,,180340,
debounce,"- No `leading` or `trailing` option. Only a trailing debounce is supported.
- No `maxWait` option. The function may be debounced indefinitely if called frequently enough.
- The `pending` method is renamed to `isPending`.",yes,19990000,
deburr,,,1170000,
defaults,,,10350000,
defaultsDeep,,,1000000,
defaultTo,,,12050,
defer,,,47690,
delay,,,16170,
difference,"- Renamed to `diff`.
- Requires two arrays exactly. No more, no less.
- Supports an “identity function” that enables comparison through a property or other computation.",yes,6330000,diff
differenceBy,,,25330,
differenceWith,,,108720,
endsWith,,,72220,
eq,,,152320,
escape,,,2830000,
escapeRegExp,,,3810000,
every,,,320420,
filter,- “Collection” polymorphism is unaligned with Radashi's vision.,no,965000,
findKey,,,47800,
findLast,,,64540,
first,,,12180,
flatMap,,,363230,
flatten,- Renamed to `flat`.,yes,8240000,flat
flattenDeep,- Use `Array.prototype.flat` instead.,no,5470000,
flow,"- Renamed to `chain`.
- Full type safety with TypeScript (to a max of 10 functions).
- Instead of taking an array of functions, each function is an argument to `chain`.",yes,924480,chain
flowRight,,,27150,
forEach,- “Collection” polymorphism is unaligned with Radashi's vision.,no,1870000,
forOwn,,,293740,
get,- “Key arrays” are not supported. Only string-based JSON paths.,yes,11970000,
groupBy,"- Renamed to `group`.
- Property shorthand not supported (but coming soon).",yes,2450000,group
has,,,1280000,
hasIn,,,101670,
head,,,103550,
indexOf,,,175570,
initial,,,41240,
inRange,,,31450,
intersection,,,292640,
intersectionBy,,,11220,
intersectionWith,,,11200,
invert,,,60380,
invoke,,,41170,
invokeMap,,,344470,
isArguments,,,5930000,
isBoolean,- Boxed values (e.g. `new Boolean(true)`) are not supported.,yes,11610000,
isDate,,,77450,
isEmpty,- There are likely quite a bit of differences here. [Help wanted](https://github.com/radashi-org/radashi/issues/85) on this!,yes,2680000,
isEqualWith,,,327560,
isError,,,130170,
isFunction,,100,5020000,
isLength,,,38600,
isMatch,,,2800000,
isNil,,,2230000,
isNull,,,33040,
isNumber,- Boxed numbers (e.g. `new Number(0)`) are not supported.,yes,10800000,
isObject,"- Returns `false` for RegExp, Date, and other built-in, complex objects.
- Returns `false` for arrays.
- Returns `false` for functions.",yes,3430000,
isObjectLike,,,110770,
isPlainObject,"- Returns `false` for built-in namespaces like `Math`, `JSON`, etc.
- Returns `false` for the `arguments` object of a `function` call.",yes,19080000,
isRegExp,,,100530,
isString,"- Boxed strings (e.g. `new String(""foo"")`) are not supported.",yes,13860000,
isTypedArray,,,576280,
isUndefined,,,2290000,
kebabCase,- Renamed to `dash`.,yes,5030000,dash
keyBy,,,152830,
keys,"- Use `Object.keys` instead.
- Radashi has its own `keys` function that is unrelated to Lodash `keys`.",no,3160000,
keysIn,,,204200,
last,,,250120,
lowerCase,,,594070,
lowerFirst,,,162340,
map,- “Collection” polymorphism is unaligned with Radashi's vision.,no,2030000,
matches,,,12510,
maxBy,,,405020,
memoize,"- Built-in support for TTL (time to live) invalidation.- By default, the cache key is computed with `JSON.stringify` of the arguments array. Lodash only uses the first argument if a custom key resolver is not provided.
- Lodash uses a `Map` to support any type of cache key, while only JSON-compatible arguments are supported in Radashi.
- No `cache` property, so the cache is not directly accessible.",yes,18820000,memo
merge,"- Radashi has a [`merge`](/reference/array/merge) function, but it's for merging two arrays based on a key function.",,30940000,
mergeWith,,,5080000,
minBy,,,17420,
negate,,,11090,
once,- Support for clearing the cached result to allow running the function again. See the `once.reset` function.,yes,14650000,
orderBy,,,253310,
pad,,,471440,
padEnd,- Use [`String.prototype.padEnd`](https://developer.mozilla.org/en-US/docs/Web/JavaScript/Reference/Global_Objects/String/padEnd) instead.,no,893680,
padStart,,,581550,
parseInt,,,29260,
partition,,,60040,
pick,"- Exactly one array of keys must be passed. No more, no less.
- You may pass a selector function instead (`pickBy` functionality).",yes,2570000,
pickBy,- Renamed to `pick`.,yes,986930,pick
property,,,23670,
pull,,,40290,
pullAll,,,228530,
random,,,54080,
range,,,176210,
reduce,- “Collection” polymorphism is unaligned with Radashi's vision.,no,1300000,
reject,,,694680,
remove,,,29590,
repeat,,,208800,
result,,,53430,
round,,,71220,
sample,,,94830,
sampleSize,,,29760,
set,- “Key arrays” are not supported. Only string-based JSON paths.,yes,1840000,
setWith,,,55580,
shuffle,,,150040,
size,,,120290,
snakeCase,- Renamed to `snake`.,yes,4410000,snake
some,- “Collection” polymorphism is unaligned with Radashi's vision.,no,944760,
sortedLastIndex,,,61380,
startCase,- Renamed to `title`.,yes,3050000,title
startsWith,,,345130,
sum,,,21170,
sumBy,,,13530,
tail,,,309710,
take,,,19810,
takeRight,,,16350,
throttle,"- No `leading` or `trailing` option. Only a trailing behavior is supported.
- The `pending` method is renamed to `isThrottled`.
- No `cancel` or `flush` method. ",yes,4840000,
times,,,43380,
toArray,,,426820,
toNumber,,,123550,
toPath,,,718930,
toPlainObject,,,76180,
toString,,,29330,
transform,,,602180,
trim,,,150610,
trimEnd,,,119920,
trimStart,,,134570,
truncate,,,9200000,
unescape,,,742560,
union,,,6240000,
unionBy,,,69930,
unionWith,,,131870,
uniq,- Renamed to `unique`.,yes,14190000,unique
uniqBy,- Renamed to `unique`.,yes,2520000,unique
uniqueId,,,319950,
uniqWith,,,318760,
unset,,,162280,
upperCase,,,39850,
upperFirst,,,2810000,
values,- Use `Object.values` instead.,no,624730,
without,,,462260,
words,,,90060,
xor,,,68280,
xorBy,,,400590,
zip,,100,1150000,
zipObject,,,165330,